{
  "4517909567-10": {
    "Fecha": "29.03.2023",
    "A": "CONTROL DE PROCESOS Y APLICACIONES LAZARO CARDENAS 208-P4 RESIDEN SAN PEDRO GARZA GARCIA NL Méxi",
    "FacturarA": "SIGMA ALIMENTOS CORPORATIVO AVE. GOMEZ MORIN 1111 CARRIZALEJO SAN PEDRO GARZA GARCIA NL MX 66254 SAC970610RX8",
    "Detalle": {
      "Ptda": "10",
      "Código": "",
      "Descripción": "DESUI - Consultoria IT- FR 17143- Garant",
      "FEntrega": "02.03.2023",
      "Cantidad": "11.000",
      "Unidad": "DIA",
      "PrecioUnitario": "4,348.00",
      "PrecioTotal": "47,828.00",
      "IVA": "7,652.48",
      "TotalIVAIncl": "55,480.48",
      "CONSULTORIA": "TI- FR 17143 - Scrum Master ITZEL MARTINEZ - Garantía",
      "REPSE": "cd95a3ce-09f5-4b20-81bd-c872e150a5a7",
      "PERIODO": "11 DIAS DEL mes de Enero 2023",
      "PROVEEDOR": "ISITA",
      "PROYECTO": "EVOLUCION COMERCIAL - RUTEO",
      "DESCUENTO": "",
      "TIPO": "Scrum Master"
    }
  },
  "4517909567-20": {
    "Fecha": "29.03.2023",
    "A": "CONTROL DE PROCESOS Y APLICACIONES LAZARO CARDENAS 208-P4 RESIDEN SAN PEDRO GARZA GARCIA NL Méxi",
    "FacturarA": "SIGMA ALIMENTOS CORPORATIVO AVE. GOMEZ MORIN 1111 CARRIZALEJO SAN PEDRO GARZA GARCIA NL MX 66254 SAC970610RX8",
    "Detalle": {
      "Ptda": "20",
      "Código": "",
      "Descripción": "DESUI - Consultoria IT- FR",
      "FEntrega": "02.03.2023",
      "Cantidad": "11.000",
      "Unidad": "DIA",
      "PrecioUnitario": "4,348.00",
      "PrecioTotal": "47,828.00",
      "IVA": "7,652.48",
      "TotalIVAIncl": "55,480.48",
      "CONSULTORIA": "TI- FR 17144 - Scrum Master ITZEL MARTINEZ",
      "REPSE": "cd95a3ce-09f5-4b20-81bd-c872e150a5a7",
      "PERIODO": "11 DIAS DEL mes de Enero 2023",
      "PROVEEDOR": "ISITA",
      "PROYECTO": "EVOLUCION COMERCIAL - RUTEO",
      "DESCUENTO": "",
      "TIPO": "Scrum Master"
    }
  },
  "4517909575-10": {
    "Fecha": "29.03.2023",
    "A": "CONTROL DE PROCESOS Y APLICACIONES LAZARO CARDENAS 208-P4 RESIDEN SAN PEDRO GARZA GARCIA NL Méxi",
    "FacturarA": "SIGMA ALIMENTOS COMERCIAL AVE. GOMEZ MORIN 1111 CARRIZALEJO SAN PEDRO GARZA GARCÍA NL MX 66254 SAC991222G1A",
    "Detalle": {
      "Ptda": "10",
      "Código": "",
      "Descripción": "Consultoria SM REPSE FR-17142",
      "FEntrega": "02.03.2023",
      "Cantidad": "18.000",
      "Unidad": "DIA",
      "PrecioUnitario": "4,348.00",
      "PrecioTotal": "78,264.00",
      "IVA": "12,522.24",
      "TotalIVAIncl": "90,786.24",
      "CONSULTORIA": "TI- FR 17142 - Scrum Master MARIA SAUCEDO NAVARRETE",
      "REPSE": "PROYECTO: REPSE",
      "PERIODO": "18 DIAS DEL mes de Enero 2023",
      "PROVEEDOR": "ISITA",
      "PROYECTO": "REPSE",
      "DESCUENTO": "",
      "TIPO": "Scrum Master"
    }
  },
  "4517909576-10": {
    "Fecha": "29.03.2023",
    "A": "CONTROL DE PROCESOS Y APLICACIONES LAZARO CARDENAS 208-P4 RESIDEN SAN PEDRO GARZA GARCIA NL Méxi",
    "FacturarA": "SIGMA ALIMENTOS CORPORATIVO AVE. GOMEZ MORIN 1111 CARRIZALEJO SAN PEDRO GARZA GARCIA NL MX 66254 SAC970610RX8",
    "Detalle": {
      "Ptda": "10",
      "Código": "",
      "Descripción": "DESUI - Consultoria IT- FR 17215- Garant",
      "FEntrega": "29.03.2023",
      "Cantidad": "9.500",
      "Unidad": "DIA",
      "PrecioUnitario": "4,348.00",
      "PrecioTotal": "41,306.00",
      "IVA": "6,608.96",
      "TotalIVAIncl": "47,914.96",
      "CONSULTORIA": "TI- FR 17215 - Scrum Master ITZEL MARTINEZ - Garantía",
      "REPSE": "cd95a3ce-09f5-4b20-81bd-c872e150a5a7",
      "PERIODO": "9.5 DIAS DEL mes de Febrero 2023",
      "PROVEEDOR": "ISITA",
      "PROYECTO": "EVOLUCION COMERCIAL - RUTEO",
      "DESCUENTO": "",
      "TIPO": "Scrum Master"
    }
  },
  "4517909576-20": {
    "Fecha": "29.03.2023",
    "A": "CONTROL DE PROCESOS Y APLICACIONES LAZARO CARDENAS 208-P4 RESIDEN SAN PEDRO GARZA GARCIA NL Méxi",
    "FacturarA": "SIGMA ALIMENTOS CORPORATIVO AVE. GOMEZ MORIN 1111 CARRIZALEJO SAN PEDRO GARZA GARCIA NL MX 66254 SAC970610RX8",
    "Detalle": {
      "Ptda": "20",
      "Código": "",
      "Descripción": "DESUI - Consultoria IT- FR",
      "FEntrega": "29.03.2023",
      "Cantidad": "9.500",
      "Unidad": "DIA",
      "PrecioUnitario": "4,348.00",
      "PrecioTotal": "41,306.00",
      "IVA": "6,608.96",
      "TotalIVAIncl": "47,914.96",
      "CONSULTORIA": "TI- FR 17216 - Scrum Master ITZEL MARTINEZ - Garantía",
      "REPSE": "cd95a3ce-09f5-4b20-81bd-c872e150a5a7",
      "PERIODO": "9.5 DIAS DEL mes de Febrero 2023",
      "PROVEEDOR": "ISITA",
      "PROYECTO": "EVOLUCION COMERCIAL - RUTEO",
      "DESCUENTO": "",
      "TIPO": "Scrum Master"
    }
  },
  "4517984961-10": {
    "Fecha": "10.05.2023",
    "A": "CONTROL DE PROCESOS Y APLICACIONES LAZARO CARDENAS 208-P4 RESIDEN SAN PEDRO GARZA GARCIA NL Méxi",
    "FacturarA": "SIGMA ALIMENTOS CORPORATIVO AVE. GOMEZ MORIN 1111 CARRIZALEJO SAN PEDRO GARZA GARCIA NL MX 66254 SAC970610RX8",
    "Detalle": {
      "Ptda": "10",
      "Código": "",
      "Descripción": "Consultoria IT-FR17328 Fullstack D",
      "FEntrega": "18.04.2023",
      "Cantidad": "20.000",
      "Unidad": "DIA",
      "PrecioUnitario": "3,675.40",
      "PrecioTotal": "73,508.00",
      "IVA": "11,761.28",
      "TotalIVAIncl": "85,269.28",
      "CONSULTORIA": "IT-FR 17328 -  Tester  +7Y Español",
      "REPSE": "cd95a3ce-09f5-4b20-81bd-c872e150a5a7",
      "PERIODO": "20 días del 01-04-2023 al 30-04-2023",
      "PROVEEDOR": "Isita",
      "PROYECTO": "Ev. Comercial est F1",
      "DESCUENTO": "",
      "TIPO": "Servicio  Tester  +7Y Español"
    }
  },
  "4517984961-20": {
    "Fecha": "10.05.2023",
    "A": "CONTROL DE PROCESOS Y APLICACIONES LAZARO CARDENAS 208-P4 RESIDEN SAN PEDRO GARZA GARCIA NL Méxi",
    "FacturarA": "SIGMA ALIMENTOS CORPORATIVO AVE. GOMEZ MORIN 1111 CARRIZALEJO SAN PEDRO GARZA GARCIA NL MX 66254 SAC970610RX8",
    "Detalle": {
      "Ptda": "20",
      "Código": "",
      "Descripción": "Consultoria IT-FR17329 Fullstack D",
      "FEntrega": "15.05.2023",
      "Cantidad": "20.000",
      "Unidad": "DIA",
      "PrecioUnitario": "4,046.70",
      "PrecioTotal": "80,934.00",
      "IVA": "12,949.44",
      "TotalIVAIncl": "93,883.44",
      "CONSULTORIA": "IT-FR 17329 - Fullstack Developer  +7Y Español",
      "REPSE": "cd95a3ce-09f5-4b20-81bd-c872e150a5a7",
      "PERIODO": "20 días del 01-04-2023 al 30-04-2023",
      "PROVEEDOR": "Isita",
      "PROYECTO": "Ruteo Optimo",
      "DESCUENTO": "",
      "TIPO": "Servicio Fullstack Developer  +7Y Español"
    }
  },
  "4517984961-30": {
    "Fecha": "10.05.2023",
    "A": "CONTROL DE PROCESOS Y APLICACIONES LAZARO CARDENAS 208-P4 RESIDEN SAN PEDRO GARZA GARCIA NL Méxi",
    "FacturarA": "SIGMA ALIMENTOS CORPORATIVO AVE. GOMEZ MORIN 1111 CARRIZALEJO SAN PEDRO GARZA GARCIA NL MX 66254 SAC970610RX8",
    "Detalle": {
      "Ptda": "30",
      "Código": "",
      "Descripción": "Consultoria IT-FR17329 Fullstack D",
      "FEntrega": "18.05.2023",
      "Cantidad": "5.000",
      "Unidad": "DIA",
      "PrecioUnitario": "4,758.75",
      "PrecioTotal": "23,793.75",
      "IVA": "3,807.00",
      "TotalIVAIncl": "27,600.75",
      "CONSULTORIA": "IT-FR 17329 - DBA  +7Y Español",
      "REPSE": "cd95a3ce-09f5-4b20-81bd-c872e150a5a7",
      "PERIODO": "10 días del 01-04-2023 al 30-04-2023",
      "PROVEEDOR": "Isita",
      "PROYECTO": "Ruteo Optimo",
      "DESCUENTO": "",
      "TIPO": "Servicio DBA  +7Y Español"
    }
  },
  "4517984961-40": {
    "Fecha": "10.05.2023",
    "A": "CONTROL DE PROCESOS Y APLICACIONES LAZARO CARDENAS 208-P4 RESIDEN SAN PEDRO GARZA GARCIA NL Méxi",
    "FacturarA": "SIGMA ALIMENTOS CORPORATIVO AVE. GOMEZ MORIN 1111 CARRIZALEJO SAN PEDRO GARZA GARCIA NL MX 66254 SAC970610RX8",
    "Detalle": {
      "Ptda": "40",
      "Código": "",
      "Descripción": "Consultoría IT-FR17329 Fullstack Dev",
      "FEntrega": "18.05.2023",
      "Cantidad": "20.000",
      "Unidad": "DIA",
      "PrecioUnitario": "2,871.70",
      "PrecioTotal": "57,434.00",
      "IVA": "9,189.44",
      "TotalIVAIncl": "66,623.44",
      "CONSULTORIA": "IT-FR 17329 - Fullstack Developer  1-3Y Español",
      "REPSE": "cd95a3ce-09f5-4b20-81bd-c872e150a5a7",
      "PERIODO": "20 días del 01-04-2023 al 30-04-2023",
      "PROVEEDOR": "Isita",
      "PROYECTO": "Ruteo Optimo",
      "DESCUENTO": "",
      "TIPO": "Servicio Fullstack Developer  1-3Y Español"
    }
  },
  "4517984961-50": {
    "Fecha": "10.05.2023",
    "A": "CONTROL DE PROCESOS Y APLICACIONES LAZARO CARDENAS 208-P4 RESIDEN SAN PEDRO GARZA GARCIA NL Méxi",
    "FacturarA": "SIGMA ALIMENTOS CORPORATIVO AVE. GOMEZ MORIN 1111 CARRIZALEJO SAN PEDRO GARZA GARCIA NL MX 66254 SAC970610RX8",
    "Detalle": {
      "Ptda": "50",
      "Código": "",
      "Descripción": "DEREP Consultoria IT-FR17267 Mobile Dev",
      "FEntrega": "18.05.2023",
      "Cantidad": "10.000",
      "Unidad": "DIA",
      "PrecioUnitario": "4,450.90",
      "PrecioTotal": "44,509.00",
      "IVA": "7,121.44",
      "TotalIVAIncl": "51,630.44",
      "CONSULTORIA": "IT-FR 17267 - Mobile Developer 4-7Y Español",
      "REPSE": "cd95a3ce-09f5-4b20-81bd-c872e150a5a7",
      "PERIODO": "10 días del 01-04-2023 al 30-04-2023",
      "PROVEEDOR": "Isita",
      "PROYECTO": "Estabilizacion Ev Adva F1 u F2",
      "DESCUENTO": "",
      "TIPO": "Servicio Mobile Developer 4-7Y Español"
    }
  },
  "4517984961-60": {
    "Fecha": "10.05.2023",
    "A": "CONTROL DE PROCESOS Y APLICACIONES LAZARO CARDENAS 208-P4 RESIDEN SAN PEDRO GARZA GARCIA NL Méxi",
    "FacturarA": "SIGMA ALIMENTOS CORPORATIVO AVE. GOMEZ MORIN 1111 CARRIZALEJO SAN PEDRO GARZA GARCIA NL MX 66254 SAC970610RX8",
    "Detalle": {
      "Ptda": "60",
      "Código": "",
      "Descripción": "DEREP Consultoria IT-FR17298 Mobile Dev",
      "FEntrega": "18.05.2023",
      "Cantidad": "10.000",
      "Unidad": "DIA",
      "PrecioUnitario": "4,450.90",
      "PrecioTotal": "44,509.00",
      "IVA": "7,121.44",
      "TotalIVAIncl": "51,630.44",
      "CONSULTORIA": "",
      "REPSE": "",
      "PERIODO": "",
      "PROVEEDOR": "",
      "PROYECTO": "",
      "DESCUENTO": "",
      "TIPO": ""
    }
  },
  "4518349050-10": {
    "Fecha": "22.11.2023",
    "A": "CONTROL DE PROCESOS Y APLICACIONES LAZARO CARDENAS 208-P4 RESIDEN SAN PEDRO GARZA GARCIA NL Méxi",
    "FacturarA": "SIGMA ALIMENTOS CORPORATIVO AVE. GOMEZ MORIN 1111 CARRIZALEJO SAN PEDRO GARZA GARCIA NL MX 66254 SAC970610RX8",
    "Detalle": {
      "Ptda": "10",
      "Código": "",
      "Descripción": "\"CONSULTORIA IT-FR 20676 - Tester +7Y Español FOLIO REPSE: cd95a3ce-09f5-4b20-81bd-c872e150a5a7 PERIODO DE CONSULTORIA: 22 días del 01-10-2023 al 31-10-2023 PROVEEDOR: Isita PROYECTO: ITMX034",
      "FEntrega": "21.11.2023",
      "Cantidad": "22.000",
      "Unidad": "DIA",
      "PrecioUnitario": "3,675.40",
      "PrecioTotal": "3,675.40",
      "IVA": "80,858.80",
      "TotalIVAIncl": "12,937.41",
      "CONSULTORIA": "",
      "REPSE": "",
      "PERIODO": "",
      "PROVEEDOR": "",
      "PROYECTO": "",
      "DESCUENTO": "",
      "TIPO": "Servicio  Tester  +7Y Español\""
    }
  },
  "4518691107-10": {
    "Fecha": "23.05.2024",
    "A": "CONTROL DE PROCESOS Y APLICACIONES LAZARO CARDENAS 208-P4 RESIDEN SAN PEDRO GARZA GARCIA NL Méxi",
    "FacturarA": "SIGMA ALIMENTOS CORPORATIVO AVE. GOMEZ MORIN 1111 CARRIZALEJO SAN PEDRO GARZA GARCIA NL MX 66254 SAC970610RX8",
    "Detalle": {
      "Ptda": "10",
      "Código": "",
      "Descripción": "Consultoría IT-FR 21917 DBA +7Y Español",
      "FEntrega": "23.05.2024",
      "Cantidad": "22.000",
      "Unidad": "DIA",
      "PrecioUnitario": "5,221.82",
      "PrecioTotal": "114,880.04",
      "IVA": "18,380.81",
      "TotalIVAIncl": "133,260.85",
      "CONSULTORIA": "",
      "REPSE": "cd95a3ce-09f5-4b20-81bd-c872e150a5a7",
      "PERIODO": "22 días del 01-04-2024 al 30-04-2024",
      "PROVEEDOR": "Isita",
      "PROYECTO": "IT0674",
      "DESCUENTO": "Desc 6M 5%",
      "TIPO": "Servicio DBA  +7Y Español\""
    }
  },
  "4518691107-20": {
    "Fecha": "23.05.2024",
    "A": "CONTROL DE PROCESOS Y APLICACIONES LAZARO CARDENAS 208-P4 RESIDEN SAN PEDRO GARZA GARCIA NL Méxi",
    "FacturarA": "SIGMA ALIMENTOS CORPORATIVO AVE. GOMEZ MORIN 1111 CARRIZALEJO SAN PEDRO GARZA GARCIA NL MX 66254 SAC970610RX8",
    "Detalle": {
      "Ptda": "20",
      "Código": "",
      "Descripción": "Consultoría IT-FR 21917 DBA +7Y Español",
      "FEntrega": "23.05.2024",
      "Cantidad": "22.000",
      "Unidad": "DIA",
      "PrecioUnitario": "5,221.82",
      "PrecioTotal": "114,880.04",
      "IVA": "18,380.81",
      "TotalIVAIncl": "133,260.85",
      "CONSULTORIA": "",
      "REPSE": "cd95a3ce-09f5-4b20-81bd-c872e150a5a7",
      "PERIODO": "22 días del 01-05-2024 al 31-05-2024",
      "PROVEEDOR": "Isita",
      "PROYECTO": "IT0674",
      "DESCUENTO": "Desc 6M 5%",
      "TIPO": "Servicio DBA  +7Y Español\""
    }
  }
}
